{"cameraMode":{"drawMode":0,"name":"Shaded","section":"Shading Mode"},"sceneLighting":true,"audioPlay":false,"sceneViewState":{"showFog":false,"showMaterialUpdate":false,"showSkybox":false,"showFlares":false,"showImageEffects":false,"showParticleSystems":false},"in2DMode":false,"pivot":{"x":0.23821577429771424,"y":0.00025069713592529297,"z":-2.486794948577881},"rotation":{"x":0.004803719464689493,"y":0.993027925491333,"z":-0.1094842478632927,"w":0.04352270066738129},"size":3.9452340602874758,"orthographic":false}