{"cameraMode":{"drawMode":0,"name":"Shaded","section":"Shading Mode"},"sceneLighting":false,"audioPlay":false,"sceneViewState":{"showFog":true,"showMaterialUpdate":false,"showSkybox":false,"showFlares":true,"showImageEffects":true,"showParticleSystems":true},"in2DMode":false,"pivot":{"x":-0.027333855628967286,"y":0.3245651125907898,"z":0.09903191030025482},"rotation":{"x":0.16717998683452607,"y":-0.7365164756774902,"z":0.1969611644744873,"w":0.6251479983329773},"size":1.6441349983215333,"orthographic":false}